"shop_id","facebook_account_id","date","clicks","cpc","cpm","ctr","impressions","reach","spend","purchases","purchases_conversion_value","oned_view_purchases","oned_click_purchases"
"37062784","-1","2020-03-22","486","1.2136767726330595","9.8373203440894468","0.0081044450560745288","59960","49967","589.84691149966693","25","968.66680171584176",NULL,NULL
"37062784","-1","2020-03-23","473","1.5144151766414973","13.129750862604027","0.0086747496516329063","54557","45464","716.31837855142817","23","866.11939279405601",NULL,NULL
"37062784","-1","2020-03-24","852","1.1969310054138869","10.572230551203411","0.0088344957872232947","96459","80382","1019.7852166126316","44","1740.8193575867438",NULL,NULL
"37062784","-1","2020-03-25","484","1.3991302263202594","12.558527970164288","0.0089770865403677267","53922","44935","677.17902953900557","24","993.66731029753646",NULL,NULL
"37062784","-1","2020-03-26","635","1.2761778161228567","9.919524487329193","0.0077775067922372923","81695","68079","810.37291323801401","32","1306.7513476367833",NULL,NULL
"37062784","-1","2020-03-27","473","1.1820451081463248","10.914849203073356","0.0092308053458460444","51224","42687","559.10733615321158","23","903.79444548605409",NULL,NULL
"37062784","-1","2020-03-28","509","1.2109975505621677","9.9055305966366038","0.0081754422193542949","62228","51857","616.39775323614333","26","1028.3998703043253",NULL,NULL
"37062784","-1","2020-03-29","647","1.2892083698890395","10.5013712971058","0.0081493169948861598","79429","66191","834.11781531820861","33","1241.8934634392213",NULL,NULL
"37062784","-1","2020-03-31","544","1.2526536424987915","10.063281753713522","0.0080337278748592866","67716","56430","681.44358151934262","28","1091.1858763862517",NULL,NULL
"37062784","-1","2020-03-30","717","1.0950953172124578","8.5911560512200484","0.0078404357492898973","91394","76162","785.18334244133223","38","1498.8476170449903",NULL,NULL
"37062784","-1","2019-01-01","191","0.837139045460215","6.98449814521581","0.00832717361193221","22893","19078","159.893557682901","9","343.983262979524",NULL,NULL
"37062784","-1","2019-01-02","136","1.09093916485376","9.17167030837532","0.00838673344537713","16177","13481","148.367726420111","7","275.811399657385",NULL,NULL
"37062784","-1","2019-01-03","72","2.04014689418177","15.8402835215467","0.00775785899550213","9273","7728","146.890576381087","3","119.571893813705",NULL,NULL
"37062784","-1","2019-01-04","143","1.08466311726603","8.87975419872363","0.00820453916666664","17467","14556","155.106825769042","7","282.922112551895",NULL,NULL
"37062784","-1","2019-01-05","119","1.29689081561522","11.270403042221","0.00869028679858773","13693","11411","154.330007058211","6","249.012241538842",NULL,NULL
"37062784","-1","2019-01-06","108","1.26343323601014","10.392573112431","0.00819557562820059","13130","10942","136.450789489095","5","195.617458954055",NULL,NULL
"37062784","-1","2019-01-07","133","1.15564761637272","8.44740026089582","0.00731983422851175","18195","15162","153.701132977572","6","244.765701962162",NULL,NULL
"37062784","-1","2019-01-08","116","1.28992543399179","10.7376573809598","0.00833490761947626","13935","11612","149.631350343048","6","236.320137118288",NULL,NULL
"37062784","-1","2019-01-09","157","1.08146876393384","8.61534343838738","0.00796904043560503","19708","16423","169.790595937612","8","320.3528604783",NULL,NULL
"37062784","-1","2019-01-10","93","1.49662222625855","11.5503946317698","0.00772180797705945","12050","10042","139.185867042045","5","197.396943953154",NULL,NULL
"37062784","-1","2019-01-11","90","1.59202859750964","11.0958392074857","0.00696952972288887","12913","10761","143.282573775867","4","157.861347959697",NULL,NULL
"37062784","-1","2019-01-12","109","1.53576516350904","12.041839340513","0.00785231597980483","13901","11584","167.398402822485","6","245.940747361349",NULL,NULL
"37062784","-1","2019-01-13","138","1.08795760040609","9.1281219755403","0.00837993323502422","16448","13707","150.13814885604","7","279.804146263849",NULL,NULL
"37062784","-1","2019-01-14","117","1.30914547651864","10.4536480435565","0.00798425993771729","14652","12210","153.170020752681","6","233.025436125384",NULL,NULL
"37062784","-1","2019-01-15","188","0.829599871571286","6.82921543198518","0.00822655567005605","22838","19032","155.964775855402","9","351.654161485757",NULL,NULL
"37062784","-1","2019-01-16","102","1.46456097135978","10.588186341408","0.00719643868673441","14109","11758","149.385219078698","5","200.047497210154",NULL,NULL
"37062784","-1","2019-01-17","121","1.33758342005868","10.1174185394891","0.00755575930447297","15997","13331","161.8475938271","6","242.765777961527",NULL,NULL
"37062784","-1","2019-01-18","140","1.18919749021482","10.0778120661155","0.00850359300819632","16520","13767","166.487648630074","7","276.367753414279",NULL,NULL
"37062784","-1","2019-01-19","190","0.883456287811831","7.40235035327533","0.00835848018703392","22676","18897","167.856694684248","9","374.45669261294",NULL,NULL
"37062784","-1","2019-01-20","124","1.12689268094388","9.81478131700633","0.00870582854010313","14237","11864","139.734692437041","6","234.369462590186",NULL,NULL
"37062784","-1","2019-01-21","107","1.43992373873496","11.3320971864704","0.00783677182398635","13596","11330","154.071840044641","5","202.348821997531",NULL,NULL
"37062784","-1","2019-01-22","89","1.93760307825452","14.1966763824709","0.00736657557331458","12147","10122","172.446673964652","4","159.805795020405",NULL,NULL
"37062784","-1","2019-01-23","94","1.51060423872911","12.7974956177144","0.00846554658078399","11096","9247","141.996798440536","5","204.099552860952",NULL,NULL
"37062784","-1","2019-01-24","240","0.630152459197501","4.81176590159372","0.00763136027319234","31431","26192","151.2365902074","13","510.454709616734",NULL,NULL
"37062784","-1","2019-01-25","155","0.953195624017938","7.01350579011294","0.00734985824786302","21066","17555","147.74532172278","8","306.053083325177",NULL,NULL
"37062784","-1","2019-01-26","215","0.610727869661469","4.77933809667778","0.0078322339503173","27474","22895","131.306491977216","10","392.728692865967",NULL,NULL
"37062784","-1","2019-01-27","113","1.21852684773182","8.94252198002299","0.00732783160763007","15398","12832","137.693533793696","6","256.582755890044",NULL,NULL
"37062784","-1","2019-01-28","105","1.30486120603043","10.7463871483734","0.00821422888384521","12749","10624","137.010426633195","5","188.929022897112",NULL,NULL
"37062784","-1","2019-01-29","119","1.3263466771559","11.3896215351007","0.00856241745789786","13858","11548","157.835254581552","6","250.359444671265",NULL,NULL
"37062784","-1","2019-01-30","139","1.12912096532302","10.0450107596647","0.00886949612283465","15624","13020","156.9478141799","7","285.645834608431",NULL,NULL
"37062784","-1","2019-01-31","87","1.75095395717086","14.1405741745571","0.00810602441660223","10773","8978","152.332994273865","4","161.179955906282",NULL,NULL
"37062784","-1","2019-02-01","193","1.401066723215","9.97827452881039","0.00713133175652088","27099","22582","270.405877580495","9","356.610277127222",NULL,NULL
"37062784","-1","2019-02-02","200","1.34856921543206","11.0725835505481","0.00820253520154575","24359","20299","269.713843086412","10","397.124295746233",NULL,NULL
"37062784","-1","2019-02-03","267","1.06000072833938","8.32406797489473","0.00784742172434","34000","28333","283.020194466616","14","542.362499062679",NULL,NULL
"37062784","-1","2019-02-04","178","1.61012880124033","12.0804407566656","0.0075188770384715","23725","19771","286.602926620778","9","352.948930513257",NULL,NULL
"37062784","-1","2019-02-05","228","1.14345932941137","9.19627613426166","0.00802781846669702","28349","23624","260.708727105793","12","476.576627924985",NULL,NULL
"37062784","-1","2019-02-06","189","1.49977356721544","12.4584463062494","0.00829460487947191","22752","18960","283.457204203718","9","356.853013652724",NULL,NULL
"37062784","-1","2019-02-07","206","1.3266341282599","11.2319976681779","0.00848012665290573","24331","20276","273.28663042154","11","439.11117010352",NULL,NULL
"37062784","-1","2019-02-08","189","1.39049135816511","10.4721237628493","0.00753299604567961","25095","20912","262.802866693205","9","367.407081260906",NULL,NULL
"37062784","-1","2019-02-09","189","1.39237763717699","11.6777604532421","0.00838923118185315","22535","18779","263.159373426451","10","390.610787509901",NULL,NULL
"37062784","-1","2019-02-10","228","1.17094949411132","8.78759888896111","0.00749645689092272","30381","25318","266.976484657381","12","482.078716492321",NULL,NULL
"37062784","-1","2019-02-11","318","0.848475900558675","6.71252829382163","0.00790328486400962","40196","33497","269.815336377659","15","604.658641571607",NULL,NULL
"37062784","-1","2019-02-12","146","1.81807154280003","11.6627669942001","0.00639874847123988","22759","18966","265.438445248804","7","281.953654326705",NULL,NULL
"37062784","-1","2019-02-13","233","1.17592648121062","8.54477554912233","0.0072703865948054","32065","26721","273.990870122074","11","420.04446965783",NULL,NULL
"37062784","-1","2019-02-14","207","1.25464305591952","10.0013510640232","0.00796101280287672","25968","21640","259.71111257534","10","390.40796079571",NULL,NULL
"37062784","-1","2019-02-15","168","1.60028144631171","12.5902548464974","0.00788057069387268","21354","17795","268.847282980367","8","330.478346977396",NULL,NULL
"37062784","-1","2019-02-16","238","1.14813383579598","9.58954332001418","0.00835659907155112","28495","23746","273.255852919443","12","473.564757401271",NULL,NULL
"37062784","-1","2019-02-17","152","1.77333869413161","13.0514438624945","0.00735795528330618","20653","17211","269.547481508005","8","316.776041686316",NULL,NULL
"37062784","-1","2019-02-18","247","1.09266719353904","9.56481198616647","0.00876556024954404","28217","23514","269.888796804143","12","482.768913823838",NULL,NULL
"37062784","-1","2019-02-19","176","1.51470549387397","13.0862817554808","0.00865502850030384","20372","16977","266.588166921818","9","348.57183432285",NULL,NULL
"37062784","-1","2019-02-20","197","1.41974280763195","10.3678389089639","0.00728843024856993","26977","22481","279.689333103494","10","418.560189258677",NULL,NULL
"37062784","-1","2019-02-21","243","1.20101846442733","9.20647766950974","0.00766956527415694","31700","26417","291.84748685584","12","444.049502440026",NULL,NULL
"37062784","-1","2019-02-22","232","1.19589569374683","9.8240877394734","0.00821288471861388","28242","23535","277.447800949265","10","406.328985592534",NULL,NULL
"37062784","-1","2019-02-23","186","1.4524873048682","11.8624227500268","0.00818263835356329","22775","18979","270.162638705485","9","348.392020387596",NULL,NULL
"37062784","-1","2019-02-24","218","1.23056752246016","10.137869147357","0.00825236263635061","26462","22052","268.263719896316","11","440.071123285427",NULL,NULL
"37062784","-1","2019-02-25","219","1.29698358126878","10.101208563658","0.00778752606642134","28119","23432","284.039404297862","11","434.397379562207",NULL,NULL
"37062784","-1","2019-02-26","191","1.39727049042258","10.5002060676958","0.00750280184624927","25417","21181","266.878663670713","10","397.33456501347",NULL,NULL
"37062784","-1","2019-02-27","180","1.60854141872361","12.2676889406838","0.00762627068023226","23602","19668","289.537455370249","9","367.29477482704",NULL,NULL
"37062784","-1","2019-02-28","211","1.28729253800656","10.8636995226897","0.00843745708886685","25002","20835","271.618725519383","11","434.59355404675",NULL,NULL
"37062784","-1","2019-03-01","217","1.23803798309896","8.6798309015918","0.00701069143012888","30952","25793","268.654242332475","11","449.91305470773",NULL,NULL
"37062784","-1","2019-03-02","163","1.69631798899485","11.9758999945955","0.00707736281222297","23088","19240","276.499832206161","8","303.530999996956",NULL,NULL
"37062784","-1","2019-03-03","282","1.00824886402776","8.61280687281752","0.0085451531967855","33012","27510","284.326179655828","13","513.25776349143",NULL,NULL
"37062784","-1","2019-03-04","186","1.41413787652928","10.9804738905336","0.00775270289409721","23954","19962","263.029645034447","10","391.56870816746",NULL,NULL
"37062784","-1","2019-03-05","305","0.90112104637515","7.17901962212978","0.00796719201640289","38284","31903","274.841919144421","15","606.513240660848",NULL,NULL
"37062784","-1","2019-03-06","262","1.06129343507634","9.08568975304534","0.00855827056085138","30604","25503","278.058879990001","13","517.557202742371",NULL,NULL
"37062784","-1","2019-03-07","187","1.53102747414281","12.3560284945616","0.0080566839053461","23171","19309","286.302137664706","9","356.800317191699",NULL,NULL
"37062784","-1","2019-03-08","202","1.34063506027177","11.1600266024016","0.00830900163545731","24266","20222","270.808282174897","11","425.987108204712",NULL,NULL
"37062784","-1","2019-03-09","208","1.32372111625372","10.9827007933897","0.00830720826871245","25070","20892","275.333992180774","11","427.292146938792",NULL,NULL
"37062784","-1","2019-03-10","188","1.48299422009685","11.8261662847711","0.00796919023149593","23575","19646","278.802913378208","10","399.493463945129",NULL,NULL
"37062784","-1","2019-03-11","367","0.726257637788536","6.18216369208445","0.00850182746875805","43114","35928","266.536553068393","18","717.445588075717",NULL,NULL
"37062784","-1","2019-03-12","179","1.51808966195713","10.4673254463227","0.00688860728263871","25961","21634","271.738049490327","9","364.6829106643",NULL,NULL
"37062784","-1","2019-03-13","250","1.09461412816144","7.76112334988721","0.00708025197653861","35260","29383","273.653532040361","13","524.098642890517",NULL,NULL
"37062784","-1","2019-03-14","157","1.73986925891359","13.7142938407338","0.00788329431169958","19918","16598","273.159473649434","7","279.775237026406",NULL,NULL
"37062784","-1","2019-03-15","239","1.11065874888705","9.49953811082502","0.00854988249576857","27943","23286","265.447440984005","12","499.053118792669",NULL,NULL
"37062784","-1","2019-03-16","225","1.17133617985942","9.55114972442198","0.00813728163152188","27594","22995","263.550640468368","11","430.95056263278",NULL,NULL
"37062784","-1","2019-03-17","169","1.54354750304984","12.9497313625004","0.00838228288646124","20144","16787","260.859528015423","8","322.332460489522",NULL,NULL
"37062784","-1","2019-03-18","182","1.54991719454465","10.9824424311206","0.00707683528015819","25685","21404","282.084929407126","9","358.67920522318",NULL,NULL
"37062784","-1","2019-03-19","254","1.12463008928089","9.42655787063333","0.00839245683942629","30303","25252","285.656042677346","13","544.369721575998",NULL,NULL
"37062784","-1","2019-03-20","226","1.27007999574098","10.1167299676728","0.00797834445195702","28373","23644","287.038079037461","12","468.770343921681",NULL,NULL
"37062784","-1","2019-03-21","177","1.49336682537698","11.4604409945404","0.0076782608313804","23064","19220","264.325928091726","9","354.468435520253",NULL,NULL
"37062784","-1","2019-03-22","172","1.67031558970782","12.8054792554214","0.00766010002101613","22435","18696","287.294281429745","8","312.920120781348",NULL,NULL
"37062784","-1","2019-03-23","173","1.62673684316964","12.7095425133192","0.00782320181778047","22143","18452","281.425473868347","9","371.663097273999",NULL,NULL
"37062784","-1","2019-03-24","306","0.850630657701106","6.87645359183608","0.00809306389452372","37853","31544","260.292981256538","16","655.419267682212",NULL,NULL
"37062784","-1","2019-03-25","245","1.19176235244626","9.6958147150831","0.00814460177736536","30114","25095","291.981776349334","12","493.942482954388",NULL,NULL
"37062784","-1","2019-03-26","340","0.813242943950229","6.74853643238239","0.00830283491445651","40972","34143","276.502600943078","17","673.131291928473",NULL,NULL
"37062784","-1","2019-03-27","267","1.03641027931594","7.98551331427748","0.00771125022987591","34653","28878","276.721544577356","14","550.595104008234",NULL,NULL
"37062784","-1","2019-03-28","232","1.16749785017934","9.49029914222843","0.00813385747298871","28541","23784","270.859501241607","11","442.342419355891",NULL,NULL
"37062784","-1","2019-03-29","214","1.35243290145261","11.346413782682","0.00839141651149167","25508","21257","289.420640910859","11","434.881962642412",NULL,NULL
"37062784","-1","2019-03-30","198","1.35376137071675","10.2494171181381","0.00758286484729969","26152","21793","268.044751401916","10","416.639576803684",NULL,NULL
"37062784","-1","2019-03-31","167","1.6303620201686","13.1004513928139","0.00805581539083689","20783","17319","272.270457368156","8","314.285955823925",NULL,NULL
"37062784","-1","2019-04-01","221","1.67144973733134","12.0683390104728","0.00722522012037632","30608","25507","369.390391950226","11","433.868196805991",NULL,NULL
"37062784","-1","2019-04-02","187","2.03957746403871","15.7320968147532","0.00772531757849106","24243","20202","381.400985775239","9","364.622896777275",NULL,NULL
"37062784","-1","2019-04-03","287","1.29115809946713","10.1427624956984","0.00785577210198655","36535","30446","370.562374547066","15","606.33866849479",NULL,NULL
"37062784","-1","2019-04-04","218","1.62338314060202","13.0544011446438","0.00803155018758047","27109","22591","353.897524651239","11","457.937952265084",NULL,NULL
"37062784","-1","2019-04-05","235","1.56535824764926","13.4775660052703","0.00862823543644211","27294","22745","367.859188197575","12","478.799981769587",NULL,NULL
"37062784","-1","2019-04-06","280","1.29552999036173","10.5657166782036","0.00816743289132966","34333","28611","362.748397301284","15","603.689851633699",NULL,NULL
"37062784","-1","2019-04-07","242","1.51847308591844","9.81731241141715","0.0064692478837504","37431","31192","367.470486792263","12","457.684923539129",NULL,NULL
"37062784","-1","2019-04-08","333","1.15366455399311","9.68069339754305","0.00839135609305672","39684","33070","384.170296479706","17","691.025052666843",NULL,NULL
"37062784","-1","2019-04-09","232","1.61343268897191","12.3768247449144","0.00766420877726656","30243","25202","374.316383841483","12","498.803431413966",NULL,NULL
"37062784","-1","2019-04-10","297","1.2165518367511","9.92735546790555","0.00815700510142772","36396","30330","361.315895515077","16","666.59383872662",NULL,NULL
"37062784","-1","2019-04-11","299","1.2969179662566","11.1147974163646","0.00856570336155814","34888","29073","387.778471910723","15","563.018004251356",NULL,NULL
"37062784","-1","2019-04-12","281","1.33259725872572","10.4631500048565","0.00784759224117992","35788","29823","374.459829701927","14","539.093655472717",NULL,NULL
"37062784","-1","2019-04-13","269","1.36243044808111","10.7210088789991","0.00786000022149664","34185","28488","366.493790533819","13","529.238277100287",NULL,NULL
"37062784","-1","2019-04-14","280","1.30957713190028","11.555785581318","0.00881111483902066","31731","26442","366.681596932077","15","602.085945307813",NULL,NULL
"37062784","-1","2019-04-15","422","0.877765056008013","7.40180176666951","0.00842460232399377","50044","41703","370.416853635382","22","863.313919310185",NULL,NULL
"37062784","-1","2019-04-16","326","1.13508808091956","9.65535631122146","0.00849833403414777","38325","31938","370.038714379776","18","695.333744220321",NULL,NULL
"37062784","-1","2019-04-17","204","1.76097841594876","14.1051490432418","0.00801718186598357","25469","21224","359.239596853547","10","385.29152552177",NULL,NULL
"37062784","-1","2019-04-18","208","1.73092480802873","13.5347846494452","0.00783290557135453","26601","22168","360.032360069976","10","412.173852212911",NULL,NULL
"37062784","-1","2019-04-19","238","1.53598599925137","11.7141838803696","0.00762776361868846","31207","26006","365.564667821827","12","484.336539725625",NULL,NULL
"37062784","-1","2019-04-20","309","1.22326436249314","9.58851425673214","0.00784383061645002","39421","32851","377.988688010381","15","616.530840057935",NULL,NULL
"37062784","-1","2019-04-21","222","1.63784724770955","13.1599958094997","0.00801887924916622","27629","23024","363.602088991521","11","424.969581679031",NULL,NULL
"37062784","-1","2019-04-22","291","1.28194483535319","10.4244784412668","0.00814031777801536","35786","29822","373.045947087779","15","602.380560147365",NULL,NULL
"37062784","-1","2019-04-23","371","0.948596577253073","7.31172696232983","0.0077102774537834","48132","40110","351.92933016089","19","761.669295962602",NULL,NULL
"37062784","-1","2019-04-24","239","1.56721827035004","11.7417581259298","0.00748742815296638","31900","26583","374.56516661366","12","487.514777945098",NULL,NULL
"37062784","-1","2019-04-25","337","1.09336158847965","9.4988081014721","0.00868406153727803","38790","32325","368.462855317641","17","660.9169141035",NULL,NULL
"37062784","-1","2019-04-26","277","1.36384268396001","10.860439545471","0.00796919932540794","34785","28988","377.784423456924","14","570.046317455013",NULL,NULL
"37062784","-1","2019-04-27","301","1.16959164322001","9.52108655360579","0.00813911734286024","36976","30813","352.047084609224","16","657.28082029588",NULL,NULL
"37062784","-1","2019-04-28","189","1.88208354894711","14.2690414578291","0.00757110871112472","24929","20774","355.713790751004","9","351.153588794132",NULL,NULL
"37062784","-1","2019-04-29","349","1.06214726141529","8.82587169156435","0.0083177328891697","42000","35000","370.689394233935","18","691.59345751672",NULL,NULL
"37062784","-1","2019-04-30","208","1.80860004093859","14.1813338991746","0.00785889322137514","26527","22106","376.188808515226","11","450.818664850915",NULL,NULL
"37062784","-1","2019-05-01","277","1.211348588948","10.3584038785612","0.00855225064056023","32393","26994","335.543559138597","15","567.135031066242",NULL,NULL
"37062784","-1","2019-05-02","332","1.04994429191781","9.24429621933162","0.00881122936099295","37708","31423","348.581504916712","17","659.915085469329",NULL,NULL
"37062784","-1","2019-05-03","279","1.27429475331977","11.4839854107949","0.00901381783063678","30959","25799","355.528236176217","15","616.004370767146",NULL,NULL
"37062784","-1","2019-05-04","307","1.21966682024071","10.8595836673286","0.00889367031759102","34480","28733","374.437713813896","15","600.858846852539",NULL,NULL
"37062784","-1","2019-05-05","250","1.38775910072605","12.9595010107984","0.00935223342293946","26771","22309","346.939775181512","13","498.701801316329",NULL,NULL
"37062784","-1","2019-05-06","294","1.21822845636928","11.149854856355","0.00915740840650625","32122","26768","358.159166172568","15","587.876271316441",NULL,NULL
"37062784","-1","2019-05-07","298","1.13779623354841","9.93860818339956","0.00873931210886803","34116","28430","339.063277597427","15","590.458374978674",NULL,NULL
"37062784","-1","2019-05-08","416","0.829358635932529","7.19838893981233","0.00868125475920496","47929","39941","345.013192547932","19","764.905996471533",NULL,NULL
"37062784","-1","2019-05-09","253","1.39449470329741","11.288529027268","0.00809967926466037","31254","26045","352.807159934245","12","469.5066869711",NULL,NULL
"37062784","-1","2019-05-10","284","1.24679075057703","11.1281829218277","0.00891637880766698","31819","26516","354.088573163875","14","568.045546922082",NULL,NULL
"37062784","-1","2019-05-11","224","1.50034597968651","12.1514749069638","0.00809716415436613","27657","23048","336.077499449778","11","428.324070316451",NULL,NULL
"37062784","-1","2019-05-12","294","1.13460523940816","9.88721062443637","0.00872301792111854","33738","28115","333.573940385998","15","616.799099756232",NULL,NULL
"37062784","-1","2019-05-13","311","1.10823868908169","9.87389479741055","0.00891604973520197","34906","29088","344.662232304407","16","621.408041950438",NULL,NULL
"37062784","-1","2019-05-14","245","1.36879364446652","11.9360988698155","0.00872789269194833","28096","23413","335.354442894297","13","505.674232934987",NULL,NULL
"37062784","-1","2019-05-15","255","1.39653727385003","11.4704934999656","0.00819966456179421","31046","25872","356.117004831758","13","499.621277488116",NULL,NULL
"37062784","-1","2019-05-16","215","1.65307586023222","14.6146021650228","0.00884958808480516","24319","20266","355.411309949928","10","392.579633826953",NULL,NULL
"37062784","-1","2019-05-17","843","0.413044949406051","4.03201502152207","0.00976623941837401","86358","71965","348.196892349301","41","1651.77714723401",NULL,NULL
"37062784","-1","2019-05-18","243","1.42565407259269","13.6503843495705","0.00956202466388578","25379","21149","346.433939640024","12","457.63797326982",NULL,NULL
"37062784","-1","2019-05-19","256","1.35570548023378","12.1312956435441","0.00894450575861165","28609","23841","347.060602939848","14","558.587526774628",NULL,NULL
"37062784","-1","2019-05-20","234","1.52746825878175","12.51695389981","0.00819311054777559","28555","23796","357.427572554929","11","440.822836775301",NULL,NULL
"37062784","-1","2019-05-21","293","1.16134604991689","10.1497047319286","0.00874460272991477","33526","27938","340.27439262565","14","552.77153516322",NULL,NULL
"37062784","-1","2019-05-22","572","0.625162632619217","5.96716002345183","0.00954467100624898","59927","49939","357.593025858192","29","1101.87722728283",NULL,NULL
"37062784","-1","2019-05-23","346","1.00761829370706","9.20450170969368","0.00913233605839801","37877","31564","348.635929622644","17","677.920718134505",NULL,NULL
"37062784","-1","2019-05-24","324","1.03623310752622","8.57820808857926","0.00827267087160118","39139","32616","335.739526838495","15","601.319824002626",NULL,NULL
"37062784","-1","2019-05-25","340","1.04260490522108","9.00249615496257","0.0086306242716714","39376","32813","354.485667775168","18","697.941891091732",NULL,NULL
"37062784","-1","2019-05-26","349","1.06131346705465","9.46398713205928","0.00890940421386264","39138","32615","370.398400002074","17","690.424636487033",NULL,NULL
"37062784","-1","2019-05-27","288","1.21596725950793","11.3708453412392","0.00935927395210834","30798","25665","350.198570738284","14","543.099795215654",NULL,NULL
"37062784","-1","2019-05-28","275","1.2772546166641","11.3798837463015","0.00889358655185864","30865","25721","351.245019582627","13","519.07475902963",NULL,NULL
"37062784","-1","2019-05-29","283","1.23608154702037","11.513431899215","0.00930152703194337","30383","25319","349.811077806765","15","610.365259527513",NULL,NULL
"37062784","-1","2019-05-30","367","0.983839488576911","8.71490837657769","0.00886082625244506","41431","34526","361.069092307726","18","766.999186948758",NULL,NULL
"37062784","-1","2019-05-31","339","1.04086273067068","9.51540713557666","0.00913351864879566","37082","30902","352.852465697359","17","685.535633228006",NULL,NULL
"37062784","-1","2019-06-01","239","1.44614420848888","12.9997672410794","0.00898115557989135","26587","22156","345.628465828842","11","431.762982709161",NULL,NULL
"37062784","-1","2019-06-02","304","1.13157924860398","10.3782193882894","0.00917412591148421","33146","27622","344.00009157561","14","570.755468589478",NULL,NULL
"37062784","-1","2019-06-03","261","1.35408637335433","12.427680528002","0.00916448503232858","28438","23698","353.416543445481","13","507.867538094118",NULL,NULL
"37062784","-1","2019-06-04","239","1.53072294105214","13.4254032812039","0.00877327125629292","27250","22708","365.842782911462","11","445.692951442045",NULL,NULL
"37062784","-1","2019-06-05","342","1.07190203732932","9.66976406353549","0.00902758481406631","37911","31592","366.590496766628","18","738.920443667371",NULL,NULL
"37062784","-1","2019-06-06","255","1.41263681192827","11.610718280497","0.00822743159182075","31025","25854","360.22238704171","13","534.928450438453",NULL,NULL
"37062784","-1","2019-06-07","276","1.3058545696324","12.9424889252465","0.0099116874451631","27847","23206","360.415861218543","13","529.940032377449",NULL,NULL
"37062784","-1","2019-06-08","300","1.21817074384434","10.579980354245","0.0086870652915788","34542","28785","365.451223153302","15","599.88809344284",NULL,NULL
"37062784","-1","2019-06-09","403","0.91730012040615","8.72195280333836","0.00951896035514837","42384","35320","369.671948523678","19","778.040491928771",NULL,NULL
"37062784","-1","2019-06-10","298","1.22717729475394","10.3856626503728","0.00845391140526728","35212","29343","365.698833836674","13","524.85140025915",NULL,NULL
"37062784","-1","2019-06-11","264","1.33037180460567","11.7313025494065","0.00881693580515558","29939","24949","351.218156415896","13","534.249308867416",NULL,NULL
"37062784","-1","2019-06-12","353","0.916587717887872","8.56858999553842","0.00936140878000571","37761","31468","323.555464414419","17","658.151984759969",NULL,NULL
"37062784","-1","2019-06-13","291","1.17174327833675","10.6088213371497","0.0090502668988542","32141","26784","340.977293995993","14","546.599847663517",NULL,NULL
"37062784","-1","2019-06-14","330","1.07593500630144","9.24531522455966","0.00858104506200074","38404","32003","355.058552079474","17","674.978389020631",NULL,NULL
"37062784","-1","2019-06-15","247","1.41532555147788","12.9107469631255","0.00912259540525988","27077","22564","349.585411215037","12","490.120105880694",NULL,NULL
"37062784","-1","2019-06-16","386","0.915629586720765","8.00414433859677","0.00874231433002031","44156","36797","353.433020474215","18","729.944220693899",NULL,NULL
"37062784","-1","2019-06-17","232","1.52752351778934","12.6928142688578","0.00829754536020276","27920","23267","354.385456127126","11","430.800087510062",NULL,NULL
"37062784","-1","2019-06-18","212","1.63233427646511","15.000575854114","0.00917332943931887","23069","19224","346.054866610604","10","411.96792831129",NULL,NULL
"37062784","-1","2019-06-19","269","1.32618878731604","11.3328583664963","0.00854401402501967","31479","26232","356.744783788015","13","512.366398234674",NULL,NULL
"37062784","-1","2019-06-20","403","0.856013360697636","8.05982894505751","0.00942699329587046","42802","35668","344.973384361147","20","794.43249375107",NULL,NULL
"37062784","-1","2019-06-21","309","1.21837705377776","10.5924830868005","0.0086813122529834","35542","29618","376.478509617329","15","596.818142017692",NULL,NULL
"37062784","-1","2019-06-22","281","1.2639613009635","11.2644112285519","0.00891591998630701","31531","26276","355.173125570743","13","525.459301680155",NULL,NULL
"37062784","-1","2019-06-23","446","0.793345648881035","7.49672854535185","0.00944876055710553","47198","39332","353.832159400941","20","743.883346788283",NULL,NULL
"37062784","-1","2019-06-24","395","0.892971730533154","8.26638333811105","0.00926414259361908","42670","35558","352.723833560596","19","737.009797737774",NULL,NULL
"37062784","-1","2019-06-25","242","1.50249397811005","12.0699959994229","0.00803572809609637","30125","25104","363.603542702631","12","465.789075843754",NULL,NULL
"37062784","-1","2019-06-26","273","1.33563582190717","11.1176846555526","0.00833576826179329","32797","27331","364.628579380658","13","520.834647114402",NULL,NULL
"37062784","-1","2019-06-27","286","1.20586377446112","9.46986956035399","0.00786193390918177","36418","30348","344.877039495881","14","566.608598914204",NULL,NULL
"37062784","-1","2019-06-28","313","1.186513077918","9.64958611750245","0.00814572029559086","38486","32072","371.378593388335","16","645.046650983845",NULL,NULL
"37062784","-1","2019-06-29","254","1.37941525046638","12.0136260335141","0.00869752184056049","29165","24304","350.371473618461","13","536.97377012895",NULL,NULL
"37062784","-1","2019-06-30","228","1.51361083642086","13.283970985842","0.00878748334514992","25979","21649","345.103270703957","11","442.522394068783",NULL,NULL
"37062784","-1","2019-07-01","441","0.863312145322808","8.67249516520624","0.0100345904399515","43900","36583","380.720656087358","22","870.257679061052",NULL,NULL
"37062784","-1","2019-07-02","299","1.28934626229744","11.4083278411176","0.00885544750549308","33792","28160","385.514532426935","14","577.112066929797",NULL,NULL
"37062784","-1","2019-07-03","386","0.979416205346619","9.12068825086149","0.00930426409144287","41450","34542","378.054655263795","19","773.762395432655",NULL,NULL
"37062784","-1","2019-07-04","334","1.08965119119649","11.1677861930468","0.0102494337204465","32589","27158","363.943497859627","16","635.063278499976",NULL,NULL
"37062784","-1","2019-07-05","290","1.3529937896654","12.5606377104267","0.00927446450939539","31238","26032","392.368199002965","14","579.845605257035",NULL,NULL
"37062784","-1","2019-07-06","321","1.16033400866679","10.8370651197313","0.00933700714471821","34370","28642","372.467216782038","15","595.67310077433",NULL,NULL
"37062784","-1","2019-07-07","260","1.49843616664601","12.6277980539008","0.00842040281914305","30852","25710","389.593403327962","13","500.338116231799",NULL,NULL
"37062784","-1","2019-07-08","253","1.48856496289309","14.7716829268512","0.00994166622706311","25495","21246","376.606935611953","13","529.328706036624",NULL,NULL
"37062784","-1","2019-07-09","415","0.952239835068344","8.72426847760078","0.00917124356789895","45297","37748","395.179531553363","21","843.317784602459",NULL,NULL
"37062784","-1","2019-07-10","330","1.16981921357904","10.3611325396994","0.00884694264465938","37259","31049","386.040340481085","17","658.336843006539",NULL,NULL
"37062784","-1","2019-07-11","432","0.875914562152782","9.22591235373984","0.0105407747133655","41014","34178","378.395090850002","22","832.113198312889",NULL,NULL
"37062784","-1","2019-07-12","349","1.08419518590513","10.4594951707663","0.00965507950833406","36176","30147","378.38411988089","17","721.091305844128",NULL,NULL
"37062784","-1","2019-07-13","361","1.03954899814614","9.65377924307138","0.00927565166998308","38874","32395","375.277188330757","17","672.216310386942",NULL,NULL
"37062784","-1","2019-07-14","326","1.13520365888164","11.7469623906437","0.0103388667205722","31504","26253","370.076392795414","16","633.677296090445",NULL,NULL
"37062784","-1","2019-07-15","400","0.988970462685054","9.9174549882081","0.0100235621268295","39888","33240","395.588185074022","19","760.28485184997",NULL,NULL
"37062784","-1","2019-07-16","550","0.711802367197094","6.89745812496387","0.00968708023394929","56759","47299","391.491301958402","28","1117.27327605072",NULL,NULL
"37062784","-1","2019-07-17","373","1.06453624751461","10.2944038357734","0.00967535534842308","38572","32143","397.07202032295","18","747.339586405081",NULL,NULL
"37062784","-1","2019-07-18","418","0.933767785627584","9.51849364866098","0.0102026966559235","41006","34172","390.31493439233","21","845.529935788456",NULL,NULL
"37062784","-1","2019-07-19","343","1.05967796764622","10.599920204625","0.00999576806611998","34290","28575","363.469542902652","16","634.979716528129",NULL,NULL
"37062784","-1","2019-07-20","309","1.26045275675804","12.0775559980022","0.00958696135238184","32248","26873","389.479901838235","16","658.474450147555",NULL,NULL
"37062784","-1","2019-07-21","355","1.12958065917194","11.6563079738701","0.0103070181034524","34402","28668","401.001134006037","18","686.301901341407",NULL,NULL
"37062784","-1","2019-07-22","473","0.805169550460108","7.61332689588756","0.00944660029669372","50023","41686","380.845197367631","24","978.263028469202",NULL,NULL
"37062784","-1","2019-07-23","400","0.993620759990313","8.87785847942894","0.00893929167555819","44768","37307","397.448303996125","20","775.084516580514",NULL,NULL
"37062784","-1","2019-07-24","440","0.908858086302648","8.20204497916039","0.00902260422032359","48756","40630","399.897557973165","23","879.55116808685",NULL,NULL
"37062784","-1","2019-07-25","352","1.07506961877195","10.9723706062092","0.0101947903622262","34489","28741","378.424505807727","18","721.573041222986",NULL,NULL
"37062784","-1","2019-07-26","386","0.991061020925953","9.02590190899845","0.00910731671276485","42384","35320","382.549554077418","20","806.19838761454",NULL,NULL
"37062784","-1","2019-07-27","354","1.09683443221227","10.6850428415835","0.00973793565425762","36339","30282","388.279389003144","16","684.353896082174",NULL,NULL
"37062784","-1","2019-07-28","264","1.4305336489725","12.8200167901115","0.00896490132608397","29459","24549","377.66088332874","13","519.0585108137",NULL,NULL
"37062784","-1","2019-07-29","351","1.07434907394828","9.85475037042571","0.00916164976084633","38265","31888","377.096524955847","17","671.344927451487",NULL,NULL
"37062784","-1","2019-07-30","323","1.13630502753488","11.318017963721","0.00994644898445121","32429","27024","367.026523893767","15","584.867696639232",NULL,NULL
"37062784","-1","2019-07-31","338","1.16273565913985","11.1777027429917","0.00961436739106218","35160","29300","393.004652789269","17","659.875409487788",NULL,NULL
"37062784","-1","2019-08-01","348","1.14476441436707","11.4472594942082","0.00999746577018884","34801","29001","398.378016199739","17","716.910774184679",NULL,NULL
"37062784","-1","2019-08-02","317","1.1692483438072","10.791277130253","0.00923988952324037","34347","28622","370.651724986883","15","601.340620362011",NULL,NULL
"37062784","-1","2019-08-03","470","0.790643321495538","7.57798718752431","0.00958826905113382","49037","40864","371.602361102903","22","864.587675738891",NULL,NULL
"37062784","-1","2019-08-04","418","0.937102813787889","8.87355932510934","0.00945846320668632","44143","36786","391.708976163337","20","781.746321452575",NULL,NULL
"37062784","-1","2019-08-05","360","1.07564743752457","9.36795221727244","0.00871029525204945","41336","34447","387.233077508846","17","666.32341295772",NULL,NULL
"37062784","-1","2019-08-06","345","1.10135179817042","10.474342376989","0.00951763696948424","36276","30230","379.966370368796","18","730.972956108737",NULL,NULL
"37062784","-1","2019-08-07","270","1.4100313085795","13.3101284923787","0.0094226103592855","28603","23836","380.708453316466","13","516.288763573714",NULL,NULL
"37062784","-1","2019-08-08","381","0.989708738292949","8.88666062147801","0.0089845385014576","42432","35360","377.079029289614","19","767.114942108986",NULL,NULL
"37062784","-1","2019-08-09","419","0.925369621037519","8.52222805179346","0.00920373939153283","45496","37913","387.72987121472","20","807.856157219282",NULL,NULL
"37062784","-1","2019-08-10","464","0.827872981681266","8.15152044643923","0.00983931117498108","47124","39270","384.133063500107","23","909.368612242246",NULL,NULL
"37062784","-1","2019-08-11","675","0.574586612313971","5.78003767994549","0.0100619534985591","67101","55918","387.84596331193","33","1377.36062260428",NULL,NULL
"37062784","-1","2019-08-12","404","0.912112985629735","9.00209418807911","0.00986451248369007","40934","34112","368.493646194413","20","806.429432827971",NULL,NULL
"37062784","-1","2019-08-13","343","1.11904971400194","10.4203572394483","0.00930684018895457","36835","30696","383.834051902664","18","695.799143774428",NULL,NULL
"37062784","-1","2019-08-14","424","0.894144181375412","8.56287792955866","0.00956803457885015","44274","36895","379.117132903175","20","761.078287582492",NULL,NULL
"37062784","-1","2019-08-15","353","1.12033153396432","9.96806376436925","0.00889039974677104","39674","33062","395.477031489405","17","670.964464410711",NULL,NULL
"37062784","-1","2019-08-16","302","1.26341825724961","12.3985249349128","0.00982092190897688","30774","25645","381.552313689383","15","597.669969785362",NULL,NULL
"37062784","-1","2019-08-17","453","0.849941552753182","7.6539170985834","0.00900655176776578","50304","41920","385.023523397191","23","950.275879202699",NULL,NULL
"37062784","-1","2019-08-18","387","1.03605641925123","10.2852196149899","0.0099341061717384","38983","32486","400.953834250224","18","723.761023968727",NULL,NULL
"37062784","-1","2019-08-19","327","1.1439453813592","10.6640023159446","0.00931965796891586","35078","29232","374.070139704457","16","644.410284663846",NULL,NULL
"37062784","-1","2019-08-20","368","1.02203006159811","9.67371724494669","0.00945253164554625","38879","32399","376.107062668104","19","776.722095933947",NULL,NULL
"37062784","-1","2019-08-21","311","1.22274384577072","11.1952829326815","0.00914809902583898","33967","28306","380.273336034694","15","610.184500714827",NULL,NULL
"37062784","-1","2019-08-22","314","1.20046662978063","11.3790189665433","0.00948336982692938","33126","27605","376.946521751119","16","624.57331648736",NULL,NULL
"37062784","-1","2019-08-23","350","1.09742989477552","9.58420040697772","0.00874437025789512","40076","33397","384.100463171433","16","656.170741518775",NULL,NULL
"37062784","-1","2019-08-24","313","1.2449529692155","10.6527142822013","0.00855163020242075","36579","30482","389.670279364452","15","630.290301966069",NULL,NULL
"37062784","-1","2019-08-25","392","0.994818058355099","9.62266201369772","0.00967303774484308","40526","33772","389.968678875199","18","746.280275480555",NULL,NULL
"37062784","-1","2019-08-26","464","0.863569770982434","8.19167077534702","0.00948341992423303","48915","40762","400.69637373585","23","935.134041712888",NULL,NULL
"37062784","-1","2019-08-27","348","1.11782577321189","11.2901164325741","0.010089465663721","34455","28712","389.003369077738","18","711.344416472952",NULL,NULL
"37062784","-1","2019-08-28","393","0.985201275776682","9.69802970410163","0.00984984264774233","39924","33270","387.184101380236","20","800.510753782361",NULL,NULL
"37062784","-1","2019-08-29","267","1.52025874134761","15.519337039156","0.010213259734834","26155","21796","405.909083939812","13","523.205111746232",NULL,NULL
"37062784","-1","2019-08-30","265","1.45697904349791","13.0736997840867","0.00895735588294452","29533","24611","386.099446526946","13","539.033102453856",NULL,NULL
"37062784","-1","2019-08-31","279","1.37991645569277","13.7747549247047","0.00999016896806202","27949","23291","384.996691138283","13","508.603753710471",NULL,NULL
"37062784","-1","2019-09-01","345","1.34156983041571","11.711403917878","0.00872519626485233","39521","32934","462.841591493421","18","732.682977105724",NULL,NULL
"37062784","-1","2019-09-02","382","1.21918472234881","10.6126122653677","0.00869478336619611","43884","36570","465.728563937244","19","767.856943034081",NULL,NULL
"37062784","-1","2019-09-03","383","1.2249784765106","10.5983269191057","0.00866297127998576","44268","36890","469.166756503561","20","776.481506936309",NULL,NULL
"37062784","-1","2019-09-04","327","1.42569438478026","11.4419009632929","0.00803198631830338","40745","33954","466.202063823144","17","695.899555803561",NULL,NULL
"37062784","-1","2019-09-05","327","1.46220622122872","12.9166771479643","0.00882637438774433","37017","30848","478.14143434179","16","638.445860356176",NULL,NULL
"37062784","-1","2019-09-06","400","1.18575505180093","11.0816702447274","0.00934624945973334","42801","35668","474.302020720371","20","809.324082473534",NULL,NULL
"37062784","-1","2019-09-07","331","1.3989047974207","11.546657296897","0.00825084813129342","40101","33418","463.03748794625","17","721.242335639072",NULL,NULL
"37062784","-1","2019-09-08","389","1.2448976422634","11.1938277416497","0.00899699703439485","43262","36052","484.265182840463","20","796.595292559211",NULL,NULL
"37062784","-1","2019-09-09","316","1.48406551206674","13.9080480003638","0.00938142130557937","33719","28099","468.96470181309","16","631.154360344401",NULL,NULL
"37062784","-1","2019-09-10","338","1.39785428876375","11.639634668599","0.00832784918777386","40592","33827","472.474749602146","17","677.498376489962",NULL,NULL
"37062784","-1","2019-09-11","426","1.13174601082938","11.303858136987","0.0099963457578233","42651","35542","482.123800613315","21","828.741902271256",NULL,NULL
"37062784","-1","2019-09-12","308","1.51308269029111","12.539548965079","0.00829173967011502","37165","30971","466.029468609661","16","613.279812846378",NULL,NULL
"37062784","-1","2019-09-13","419","1.13629753997516","10.2895156820681","0.00905656486337353","46271","38559","476.108669249594","21","846.67226843387",NULL,NULL
"37062784","-1","2019-09-14","463","0.985073860127143","9.25094865318047","0.00938817271812944","49302","41085","456.089197238867","23","913.075463865906",NULL,NULL
"37062784","-1","2019-09-15","407","1.12529520633599","10.0536926596091","0.00894310352389824","45555","37962","457.995148978748","20","781.196185655632",NULL,NULL
"37062784","-1","2019-09-16","400","1.15552569033672","9.53635837045585","0.00825024451153489","48468","40390","462.210276134687","19","737.880688295605",NULL,NULL
"37062784","-1","2019-09-17","472","1.00390145802294","9.04916481549452","0.00901068729682423","52363","43636","473.841488186829","22","860.50418919166",NULL,NULL
"37062784","-1","2019-09-18","317","1.46097955190743","12.7784753944999","0.0087515710848091","36243","30202","463.130517954655","15","598.324885137901",NULL,NULL
"37062784","-1","2019-09-19","363","1.27167278834826","11.5494725208482","0.00907519145824196","39969","33308","461.617222170417","19","777.878811320227",NULL,NULL
"37062784","-1","2019-09-20","457","1.0178724131829","9.32066212046735","0.00915626109069054","49907","41589","465.167692824585","22","843.954511078036",NULL,NULL
"37062784","-1","2019-09-21","309","1.49255631616345","13.4904888277535","0.00903785158504369","34187","28489","461.199901694506","15","608.058255970652",NULL,NULL
"37062784","-1","2019-09-22","401","1.14010614530603","10.5738149207117","0.00927891410169102","43237","36031","457.182564267717","19","753.561427032474",NULL,NULL
"37062784","-1","2019-09-23","382","1.31608232181071","12.8754085479644","0.00977392543038965","39047","32539","502.743446931691","20","789.846506606885",NULL,NULL
"37062784","-1","2019-09-24","325","1.42703297318822","13.7117089013389","0.00961903928160038","33824","28187","463.785716286172","16","615.123714076188",NULL,NULL
"37062784","-1","2019-09-25","269","1.7781695065427","15.8574458530565","0.00892517032109178","30164","25137","478.327597259985","13","528.596935386341",NULL,NULL
"37062784","-1","2019-09-26","363","1.3523046217895","12.3921860874226","0.00915860152335069","39613","33011","490.88657770959","17","663.489779092315",NULL,NULL
"37062784","-1","2019-09-27","355","1.33008340594589","11.7708150644432","0.00885652351723704","40114","33428","472.17960911079","16","668.492424617081",NULL,NULL
"37062784","-1","2019-09-28","357","1.31129640255415","11.8783162126223","0.00906860121598124","39411","32842","468.132815711832","16","634.127344236124",NULL,NULL
"37062784","-1","2019-09-29","559","0.845215362609736","8.04809376531809","0.00951587288753401","58706","48922","472.475387698843","27","1060.70291934144",NULL,NULL
"37062784","-1","2019-09-30","356","1.34711288896675","11.9264151244405","0.00885331780285179","40211","33509","479.572188472164","17","659.517825095322",NULL,NULL
"37062784","-1","2019-10-01","282","1.54879200796758","13.4588345685549","0.00868421121152837","32451","27042","436.759346246857","15","609.328317457239",NULL,NULL
"37062784","-1","2019-10-02","377","1.16115033032986","10.106197563093","0.00869908215823024","43315","36096","437.753674534359","19","768.625129260156",NULL,NULL
"37062784","-1","2019-10-03","283","1.52559078099792","13.7568076591623","0.00900348854943834","31384","26153","431.742191022412","14","583.283867308513",NULL,NULL
"37062784","-1","2019-10-04","398","1.05227252149921","9.5214729830402","0.00904391372358061","43985","36654","418.804463556684","20","818.637313847008",NULL,NULL
"37062784","-1","2019-10-05","394","1.1210803907994","9.8103971894452","0.00875411910228331","45024","37520","441.705673974965","20","804.129607848477",NULL,NULL
"37062784","-1","2019-10-06","372","1.14657842504548","11.0376379420471","0.0096223498165992","38643","32202","426.527174116918","18","707.013316861147",NULL,NULL
"37062784","-1","2019-10-07","460","0.961074056336677","8.81937073319152","0.00917859784226859","50128","41773","442.094065914872","23","917.314912252093",NULL,NULL
"37062784","-1","2019-10-08","306","1.39065399662157","12.7181458545024","0.00914411439891736","33459","27882","425.540122966202","15","607.799388505361",NULL,NULL
"37062784","-1","2019-10-09","346","1.23080826979955","11.9090276411561","0.00968940147037564","35759","29799","425.859661350645","17","664.002725553405",NULL,NULL
"37062784","-1","2019-10-10","418","1.01102221939123","9.84335746330591","0.00972719063018282","42933","35778","422.607287705534","20","799.544365390416",NULL,NULL
"37062784","-1","2019-10-11","310","1.32443893591016","11.2741553537368","0.0085256238350987","36417","30348","410.576070132151","16","633.396023731054",NULL,NULL
"37062784","-1","2019-10-12","333","1.27928355274968","11.6068772837643","0.00906738232697908","36703","30586","426.001423065645","16","644.018269734228",NULL,NULL
"37062784","-1","2019-10-13","281","1.5148620626394","12.4022825168515","0.0081976327057607","34322","28602","425.676239601671","13","535.132836355229",NULL,NULL
"37062784","-1","2019-10-14","324","1.29232917267199","11.146102387468","0.00863595954230382","37566","31305","418.714651945724","14","558.892658302621",NULL,NULL
"37062784","-1","2019-10-15","554","0.755644627706726","7.33137500284038","0.00970108972068701","57101","47584","418.627123749526","27","1026.50921502943",NULL,NULL
"37062784","-1","2019-10-16","422","0.994480569760395","9.14141906596354","0.00918235778270935","45909","38258","419.670800438887","21","854.647202774131",NULL,NULL
"37062784","-1","2019-10-17","250","1.65954131574474","14.2079694439101","0.00857604741123441","29201","24334","414.885328936185","12","479.642455326364",NULL,NULL
"37062784","-1","2019-10-18","397","1.05767780279365","9.66385100906607","0.00912734521242173","43450","36208","419.898087709081","21","854.544159094876",NULL,NULL
"37062784","-1","2019-10-19","375","1.11894942148349","10.6874694539038","0.00954757421497763","39261","32718","419.606033056309","18","720.224258032186",NULL,NULL
"37062784","-1","2019-10-20","370","1.1296964199523","10.1216674741284","0.00896427129522173","41296","34413","417.987675382351","17","704.189443638442",NULL,NULL
"37062784","-1","2019-10-21","854","0.520650872867293","4.83933326787136","0.009292126813256","91880","76567","444.635845428668","43","1666.08680724212",NULL,NULL
"37062784","-1","2019-10-22","397","1.10963129506334","10.2604196847914","0.00925368290293308","42934","35778","440.523624140144","19","765.058131813193",NULL,NULL
"37062784","-1","2019-10-23","334","1.32295670122253","10.8219541748139","0.00819186273693089","40831","34026","441.867538208325","16","654.138632161072",NULL,NULL
"37062784","-1","2019-10-24","456","0.974954579762132","9.63200445443418","0.00987150488973389","46156","38463","444.579288371532","22","889.363225419356",NULL,NULL
"37062784","-1","2019-10-25","302","1.41509574142885","12.3106260520141","0.00868738656394098","34715","28929","427.358913911511","15","621.751473823789",NULL,NULL
"37062784","-1","2019-10-26","378","1.12706710556411","9.97572072832773","0.00884512898165947","42707","35589","426.031365903233","17","651.906170715248",NULL,NULL
"37062784","-1","2019-10-27","433","1.01292434186142","8.66217947752965","0.00855161395279586","50633","42194","438.596240025995","20","820.343018903866",NULL,NULL
"37062784","-1","2019-10-28","348","1.22671380042171","11.9480950838822","0.00974204680898675","35729","29774","426.896402546755","17","677.65211700804",NULL,NULL
"37062784","-1","2019-10-29","423","1.02834861482196","9.04643985082027","0.00879710845569508","48084","40070","434.991464069687","22","860.824073626071",NULL,NULL
"37062784","-1","2019-10-30","430","0.986648207842413","9.34968618019468","0.00947937828161063","45377","37814","424.258729372237","20","792.696320792305",NULL,NULL
"37062784","-1","2019-10-31","369","1.1775089732173","11.5071165963441","0.00978483206106176","37759","31466","434.500811117183","18","734.745743070912",NULL,NULL
"37062784","-1","2019-11-01","369","1.45063474035063","11.8424380648393","0.00815249560958586","45201","37668","535.284219189382","19","756.234464002841",NULL,NULL
"37062784","-1","2019-11-02","350","1.52224834036289","14.291367715327","0.00938574463397572","37280","31067","532.786919127012","17","681.008536208311",NULL,NULL
"37062784","-1","2019-11-03","652","0.806562961163531","7.54307265821408","0.00935522032924337","69717","58098","525.879050678622","34","1410.44260960801",NULL,NULL
"37062784","-1","2019-11-04","341","1.5784553275555","14.9758102266931","0.00948469347138954","35942","29952","538.253266696425","19","735.108978821676",NULL,NULL
"37062784","-1","2019-11-05","416","1.29762819959206","12.037985222838","0.00928580362343433","44842","37368","539.813331030297","21","872.591072279236",NULL,NULL
"37062784","-1","2019-11-06","306","1.77030820217857","14.7160213590035","0.0083181753514484","36811","30676","541.714309866643","15","608.591164589711",NULL,NULL
"37062784","-1","2019-11-07","328","1.63375717640984","16.4136353240398","0.0100448576454537","32648","27207","535.872353862426","15","596.150499987491",NULL,NULL
"37062784","-1","2019-11-08","368","1.43285924737967","12.3482829271497","0.00862434647777997","42702","35585","527.292203035717","19","790.861426649148",NULL,NULL
"37062784","-1","2019-11-09","523","1.01464282287922","9.44834706871613","0.00931067139401032","56164","46803","530.658196365832","23","945.789994910726",NULL,NULL
"37062784","-1","2019-11-10","384","1.3821634587428","12.3727699025863","0.00896029979846752","42897","35748","530.750768157236","20","787.861189690489",NULL,NULL
"37062784","-1","2019-11-11","455","1.17286405303339","10.4674340191931","0.00891650852712188","50982","42485","533.653144130192","22","851.510622384406",NULL,NULL
"37062784","-1","2019-11-12","429","1.24998143038337","11.6706521222871","0.00933214974182407","45948","38290","536.242033634468","21","848.084543566097",NULL,NULL
"37062784","-1","2019-11-13","342","1.5501217027163","12.7111386104303","0.00820360303690676","41707","34756","530.141622328973","17","663.131320826299",NULL,NULL
"37062784","-1","2019-11-14","336","1.58979374665426","14.5839776196941","0.00916991988441424","36627","30522","534.17069887583","16","634.830259167894",NULL,NULL
"37062784","-1","2019-11-15","450","1.16854125959166","11.0039653411553","0.00941363112865117","47787","39822","525.843566816247","23","887.683446120788",NULL,NULL
"37062784","-1","2019-11-16","374","1.41354494549109","12.9669091002361","0.00918257975148727","40770","33975","528.665809613667","19","779.334914083313",NULL,NULL
"37062784","-1","2019-11-17","436","1.22456800544208","11.3678168990511","0.00928358733413932","46967","39139","533.911650372747","22","859.781031996091",NULL,NULL
"37062784","-1","2019-11-18","454","1.15627577527789","10.3531492775422","0.00896217817085798","50704","42253","524.949201976161","23","962.535791818806",NULL,NULL
"37062784","-1","2019-11-19","454","1.19106476694893","10.4161701489767","0.00874965079387825","51914","43262","540.743404194815","23","957.035182529599",NULL,NULL
"37062784","-1","2019-11-20","469","1.16516494115067","10.8979400376079","0.00935380915405934","50144","41787","546.462357399662","22","923.646289538552",NULL,NULL
"37062784","-1","2019-11-21","318","1.68561416190895","14.4465302719606","0.00857825435084405","37104","30920","536.025303487045","16","612.270843055266",NULL,NULL
"37062784","-1","2019-11-22","362","1.4886069643758","12.0433705060415","0.00808743213487549","44745","37288","538.875721104038","19","771.016573854382",NULL,NULL
"37062784","-1","2019-11-23","365","1.44255515233137","13.437253122701","0.00932742408023965","39185","32654","526.532630600949","19","748.427701883786",NULL,NULL
"37062784","-1","2019-11-24","360","1.52703868589113","13.6454233191399","0.00892781065896795","40287","33572","549.733926920806","19","769.855118162334",NULL,NULL
"37062784","-1","2019-11-25","452","1.17539840990807","11.0242856815213","0.00937036107138258","48192","40160","531.280081278447","21","854.847267602",NULL,NULL
"37062784","-1","2019-11-26","367","1.44095161647086","13.1983480611554","0.00916413286576305","40068","33390","528.829243244805","19","740.854941775618",NULL,NULL
"37062784","-1","2019-11-27","330","1.60219333287166","11.8607578078531","0.00740444708854822","44578","37148","528.723799847647","16","619.503941172426",NULL,NULL
"37062784","-1","2019-11-28","579","0.88159194240265","8.35177267629518","0.00947265957873738","61118","50932","510.441734651134","29","1147.60067727107",NULL,NULL
"37062784","-1","2019-11-29","449","1.17388256128533","11.6457479412868","0.00992791551923082","45259","37716","527.073270017114","21","856.790450391049",NULL,NULL
"37062784","-1","2019-11-30","475","1.14898791859532","11.2539039663107","0.00978511973988649","48496","40413","545.769261332779","24","989.552782480806",NULL,NULL
"37062784","-1","2019-12-01","389","1.46989388820998","12.6341885841934","0.00859666258721793","45257","37714","571.788722513684","19","746.348164502921",NULL,NULL
"37062784","-1","2019-12-02","349","1.63688336974375","15.0334149757425","0.00918163431481563","38000","31667","571.27229604057","17","714.551335673252",NULL,NULL
"37062784","-1","2019-12-03","358","1.53297007537568","13.2872411671365","0.00867235719283711","41303","34419","548.803286984494","19","759.679339759124",NULL,NULL
"37062784","-1","2019-12-04","392","1.39162368405104","13.2232290112414","0.00949749537546074","41254","34378","545.516484148008","19","753.391730728035",NULL,NULL
"37062784","-1","2019-12-05","508","1.09179127911178","10.0185608962413","0.00917493675035655","55360","46133","554.629969788784","25","1044.94026132172",NULL,NULL
"37062784","-1","2019-12-06","419","1.33657940443112","11.9189869738945","0.0089231189819508","46986","39155","560.026770456639","21","820.125973078235",NULL,NULL
"37062784","-1","2019-12-07","444","1.26024203636078","11.0122253148803","0.00874756347278778","50811","42342","559.547464144185","23","900.269928796265",NULL,NULL
"37062784","-1","2019-12-08","399","1.38500531385615","11.9463422939046","0.00862093635002849","46258","38548","552.617120228604","22","906.481553277045",NULL,NULL
"37062784","-1","2019-12-09","403","1.41207247280397","12.870621057994","0.00910973529417131","44214","36845","569.06520654","20","759.421109943046",NULL,NULL
"37062784","-1","2019-12-10","479","1.16202383441463","10.1246465129977","0.00871347704066042","54976","45813","556.609416684608","23","889.289365345343",NULL,NULL
"37062784","-1","2019-12-11","527","1.06300636687832","10.1093176194719","0.00950976638852926","55415","46179","560.204355344873","27","1111.79683203125",NULL,NULL
"37062784","-1","2019-12-12","592","0.954948638633758","9.19864186370759","0.00963413617570969","61458","51215","565.329594071185","30","1215.70913803149",NULL,NULL
"37062784","-1","2019-12-13","406","1.40142607212444","13.3003714258874","0.00949465418913567","42779","35649","568.978985282523","22","869.043452890407",NULL,NULL
"37062784","-1","2019-12-14","489","1.15715452113085","10.5341202502024","0.00909804640698338","53716","44763","565.848560832987","24","938.56286248611",NULL,NULL
"37062784","-1","2019-12-15","445","1.27664571461757","11.9118029977211","0.00932934882870265","47693","39744","568.107343004816","21","844.721771709594",NULL,NULL
"37062784","-1","2019-12-16","369","1.52881685098555","14.680707525637","0.00959204807678982","38427","32022","564.133418013668","18","719.06754929093",NULL,NULL
"37062784","-1","2019-12-17","621","0.89500190305554","7.99136641574841","0.00893078807298528","69550","57958","555.79618179749","31","1274.16159419467",NULL,NULL
"37062784","-1","2019-12-18","378","1.47744239002627","12.7015923565312","0.00858993694822925","43969","36641","558.473223429928","18","714.127603227052",NULL,NULL
"37062784","-1","2019-12-19","529","1.06385423850857","10.4342115412","0.00980514453585182","53936","44947","562.778892171033","27","1112.40454090906",NULL,NULL
"37062784","-1","2019-12-20","358","1.52287538431955","15.0688069718427","0.00990370035399508","36180","30150","545.1893875864","17","698.106426007033",NULL,NULL
"37062784","-1","2019-12-21","319","1.77660484477758","15.0984431466983","0.00850102382969113","37536","31280","566.736945484049","16","653.167557171356",NULL,NULL
"37062784","-1","2019-12-22","406","1.35253009486349","11.9314756698186","0.00882453601914382","46023","38352","549.127218514575","20","841.657169266051",NULL,NULL
"37062784","-1","2019-12-23","430","1.31445007664207","11.6956357554024","0.00890802283525422","48327","40272","565.213532956088","22","924.292870776381",NULL,NULL
"37062784","-1","2019-12-24","586","0.945920462564356","9.27609921101557","0.00980236529317388","59757","49798","554.309391062712","28","1120.57318651359",NULL,NULL
"37062784","-1","2019-12-25","406","1.36943062747784","13.0027051348591","0.00949650124892234","42759","35632","555.988834756003","21","859.582851454984",NULL,NULL
"37062784","-1","2019-12-26","453","1.23321195594277","11.3648975716757","0.00921363265863205","49155","40962","558.645016042075","23","933.177399941168",NULL,NULL
"37062784","-1","2019-12-27","360","1.56683658971125","14.788398252451","0.00943975196533987","38142","31785","564.06117229605","18","679.261819205246",NULL,NULL
"37062784","-1","2019-12-28","437","1.28707300013293","13.6099304237163","0.010568376578265","41327","34439","562.45090105809","22","929.307213807808",NULL,NULL
"37062784","-1","2019-12-29","336","1.69376635307895","14.5691969299242","0.00860712268421671","39062","32552","569.105494634527","17","681.578988280373",NULL,NULL
"37062784","-1","2019-12-30","423","1.31169552058306","11.4405302084889","0.00872883050312048","48498","40415","554.847205206636","21","829.011201030581",NULL,NULL
"37062784","-1","2019-12-31","466","1.1881399063261","11.2496045188086","0.00947693060558315","49217","41014","553.673196347961","23","927.923938774842",NULL,NULL
"37062784","-1","2020-01-01","433","1.19292142650473","9.74289206411501","0.00817429011874833","53017","44181","516.534977676548","23","935.687387848977",NULL,NULL
"37062784","-1","2020-01-02","323","1.58834877834123","13.0918964722385","0.00825124539427988","39187","32656","513.036655404216","16","678.836475579521",NULL,NULL
"37062784","-1","2020-01-03","525","0.96945876407487","8.52279416835618","0.00879805531342528","59718","49765","508.965851139307","27","1120.00392133425",NULL,NULL
"37062784","-1","2020-01-04","482","1.07175961333874","9.7824227602602","0.00912466682587445","52808","44007","516.588133629272","23","961.410530157047",NULL,NULL
"37062784","-1","2020-01-05","426","1.18251550776557","11.1650530410985","0.00943258428409737","45119","37599","503.751606308134","20","772.670016225632",NULL,NULL
"37062784","-1","2020-01-06","622","0.819994362535289","7.63620997196296","0.00930960619818322","66792","55660","510.03649349695","30","1191.00350160641",NULL,NULL
"37062784","-1","2020-01-07","365","1.44293541092804","13.1990525020299","0.009157496910288","39902","33252","526.671424988734","17","674.013141573854",NULL,NULL
"37062784","-1","2020-01-08","301","1.74144995243178","13.0777441837657","0.00751459399712184","40082","33402","524.176435681964","15","590.108748548593",NULL,NULL
"37062784","-1","2020-01-09","414","1.25687851070991","10.7464206892719","0.00855549676266773","48421","40351","520.347703433903","20","796.372524325731",NULL,NULL
"37062784","-1","2020-01-10","384","1.32588914038579","12.1021022949541","0.00913839520706649","42070","35058","509.141429908143","19","753.901603758653",NULL,NULL
"37062784","-1","2020-01-11","349","1.42174951963517","12.2230192157015","0.00860261450034997","40595","33829","496.190582352673","17","693.111630714474",NULL,NULL
"37062784","-1","2020-01-12","426","1.19903650081019","10.867842046608","0.00906013792364986","47000","39167","510.789549345139","22","943.011120531664",NULL,NULL
"37062784","-1","2020-01-13","366","1.40645999195738","12.3561326713437","0.00878262837863399","41661","34718","514.764357056401","17","651.835053089466",NULL,NULL
"37062784","-1","2020-01-14","423","1.20552764055196","10.727057096723","0.00888931746357385","47538","39615","509.938191953477","23","942.861769238595",NULL,NULL
"37062784","-1","2020-01-15","604","0.842096334118092","6.94474294891514","0.00824567003084669","73239","61032","508.626185807328","29","1158.94021619507",NULL,NULL
"37062784","-1","2020-01-16","482","1.06954419176121","9.56119504806781","0.0089410917897721","53918","44932","515.520300428904","24","982.20559599043",NULL,NULL
"37062784","-1","2020-01-17","344","1.44133571850606","12.764503251178","0.0088557606975611","38844","32370","495.819487166085","17","654.903425020554",NULL,NULL
"37062784","-1","2020-01-18","354","1.41235488080361","12.1157009261917","0.00856765822089247","41267","34389","499.973627804479","17","706.386538775508",NULL,NULL
"37062784","-1","2020-01-19","500","1.01334812749951","9.46157571117834","0.0093426314433829","53551","44626","506.674063749756","25","1031.29485819645",NULL,NULL
"37062784","-1","2020-01-20","591","0.863534156985435","8.06044566068472","0.00932917692643212","63315","52762","510.348686778392","28","1096.02461442938",NULL,NULL
"37062784","-1","2020-01-21","309","1.62135152240912","14.6888614206715","0.00904652084228947","34107","28422","500.997620424418","17","689.853387777434",NULL,NULL
"37062784","-1","2020-01-22","501","1.01248606299162","9.87094163969979","0.0097540338354267","51389","42824","507.255517558801","26","970.841795597882",NULL,NULL
"37062784","-1","2020-01-23","368","1.38405067253149","13.9595913956711","0.0100982712144395","36486","30405","509.33064749159","18","715.043632518301",NULL,NULL
"37062784","-1","2020-01-24","450","1.13448733057732","11.4397684627397","0.0100877702581768","44627","37189","510.519298759794","22","887.254201763335",NULL,NULL
"37062784","-1","2020-01-25","377","1.32530203768583","12.1057066231074","0.00914145457503492","41273","34394","499.638868207558","18","723.37240577793",NULL,NULL
"37062784","-1","2020-01-26","290","1.71242828982705","14.8433739440886","0.0086700976479961","33456","27880","496.604204049845","15","586.544525725361",NULL,NULL
"37062784","-1","2020-01-27","564","0.917236848809294","7.94570038528005","0.00865662275483011","65107","54256","517.321582728442","27","1091.53962427529",NULL,NULL
"37062784","-1","2020-01-28","531","0.987308345057971","9.21404778183532","0.00932383648744","56898","47415","524.260731225783","25","1013.61454675017",NULL,NULL
"37062784","-1","2020-01-29","346","1.48307350304391","12.6467416106261","0.00851791243343972","40575","33812","513.143432053192","19","758.451240794028",NULL,NULL
"37062784","-1","2020-01-30","387","1.30995632926589","10.8198004090861","0.00826406924200381","46854","39045","506.953099425899","20","827.345312318708",NULL,NULL
"37062784","-1","2020-01-31","350","1.44832293922502","13.3645160202539","0.00921708560253511","37930","31608","506.913028728756","18","709.453625272525",NULL,NULL
"37062784","-1","2020-02-01","571","0.844464330077338","8.04563901911812","0.00952974627856926","59932","49943","482.18913247416","28","1117.40287817549",NULL,NULL
"37062784","-1","2020-02-02","586","0.825103274906251","7.00073602214816","0.00848772339936982","69066","57555","483.510519095063","30","1227.38121836243",NULL,NULL
"37062784","-1","2020-02-03","363","1.2484360326532","11.217342373569","0.00898332231233509","40400","33667","453.18227985311","18","728.883506289377",NULL,NULL
"37062784","-1","2020-02-04","522","0.913444206994097","8.22796129048043","0.00899916351492049","57951","48292","476.817876050919","23","916.574650014651",NULL,NULL
"37062784","-1","2020-02-05","444","1.02612022111507","9.8356673284205","0.00959003931252005","46321","38601","455.597378175092","23","961.59852407758",NULL,NULL
"37062784","-1","2020-02-06","672","0.700357480845916","6.74335028167676","0.0096298249307993","69793","58161","470.640227128455","35","1432.15083804328",NULL,NULL
"37062784","-1","2020-02-07","416","1.12069622843971","10.8772940724239","0.00970004841138041","42861","35718","466.209631030918","20","803.789667447355",NULL,NULL
"37062784","-1","2020-02-08","368","1.24034781288335","11.8776357688274","0.00958815357439323","38429","32024","456.447995141071","19","755.424656391425",NULL,NULL
"37062784","-1","2020-02-09","346","1.34648740043744","11.1684435577494","0.00828853543269968","41714","34762","465.884640551353","17","694.322267722698",NULL,NULL
"37062784","-1","2020-02-10","679","0.702599872409994","7.01626500295669","0.00998951597425964","67994","56662","477.065313366386","32","1280.76120686719",NULL,NULL
"37062784","-1","2020-02-11","390","1.17973781031316","10.4638429942289","0.00885933683817008","43970","36642","460.097746022133","18","704.41700202174",NULL,NULL
"37062784","-1","2020-02-12","541","0.868820568997549","7.58617240612264","0.00873729180768879","61959","51632","470.031927827674","28","1133.98588058874",NULL,NULL
"37062784","-1","2020-04-01","522","1.2523953641257684","10.751507378565725","0.0085901654058290478","60805","50671","653.75038007365106","27","1095.9435498109526",NULL,NULL
"37062784","-1","2020-02-13","530","1.3858788828948785","11.733473563703614","0.0084712256916227927","62600","52167","734.51580793428559","24","999.06380399111424",NULL,NULL
"37062784","-1","2020-02-14","821","0.98551432914530657","8.4845637116726227","0.0086130920089704417","95362","79468","809.10726422829669","42","1645.5420780062111",NULL,NULL
"37062784","-1","2020-02-15","618","1.1155863286589121","9.7112308745397549","0.0087102680604201847","70993","59161","689.43235111120771","32","1235.5731637411839",NULL,NULL
"37062784","-1","2020-02-16","481","1.4409828998713845","12.836217310468944","0.0089073451622637932","53997","44998","693.11277483813592","24","968.80397568354397",NULL,NULL
"37062784","-1","2020-04-02","447","1.4481200375731726","11.462781356240207","0.0079132586680932919","56471","47059","647.30965679520818","21","836.27290133216923",NULL,NULL
"37062784","-1","2020-04-16","460","1.7826701585949938","12.556410231675233","0.0070393523277574796","65308","54423","820.02827295369718","23","923.68294034027679",NULL,NULL
"37062784","-1","2020-04-09","314","1.7341935115326117","15.54099351045172","0.008960991179732555","35039","29199","544.53676262124009","15","586.0440984922642",NULL,NULL
"37062784","-1","2020-04-06","707","0.96448172996681114","8.2826736137382824","0.0085822724319704821","82327","68606","681.8885830865355","33","1293.5275762433823",NULL,NULL
"37062784","-1","2020-04-03","985","0.85381741114524035","7.1415685113851648","0.0083636941337108979","117763","98136","841.01014997806169","51","1965.9028805890589",NULL,NULL
"37062784","-1","2020-04-04","562","1.3975600805137889","12.473442397235097","0.0089311661067725204","62968","52473","785.42876524874941","28","1103.0861513866355",NULL,NULL
"37062784","-1","2020-04-05","757","1.0027490672311641","8.8669001445434805","0.0088481262933455956","85608","71340","759.08104389399125","38","1530.3248441926712",NULL,NULL
"37062784","-1","2020-04-07","664","1.0409754562672822","9.4505735068157772","0.0090786592239515667","73139","60949","691.20770296147532","34","1390.6475323905111",NULL,NULL
"37062784","-1","2020-04-08","526","1.5642542663490393","13.814466287636087","0.0088347773795590372","59561","49634","822.79774409959464","25","1015.3946157371868",NULL,NULL
"37062784","-1","2020-04-10","540","1.4370301880750327","12.33354241248084","0.0085835668051190035","62918","52432","775.99630156051762","28","1126.4513604538174",NULL,NULL
"37062784","-1","2020-04-11","497","1.5187094895561328","12.557189234982957","0.0082697659858188572","60109","50091","754.79861630939797","26","1030.3049061594741",NULL,NULL
"37062784","-1","2020-04-14","379","1.6466339872735904","13.901098982242811","0.0084380870474789222","44894","37412","624.07428117669076","19","745.58510191339565",NULL,NULL
"37062784","-1","2020-04-17","412","1.7406105291008624","13.560916180170169","0.007784254029222005","52882","44068","717.13153798955534","22","881.62144043086971",NULL,NULL
"37062784","-1","2020-04-18","722","1.0739866270351799","8.1905031343376731","0.0076242973456120498","94673","78894","775.4183447193999","36","1442.5995231819384",NULL,NULL
"37062784","-1","2020-04-19","638","0.9841829595657049","8.6946672926242456","0.0088300702916644901","72218","60182","627.90872820291975","32","1281.0325903482428",NULL,NULL
"37062784","-1","2020-04-12","716","1.2175809224847627","10.801845364680583","0.0088719507544590143","80707","67256","871.78794049909004","38","1528.3897473830596",NULL,NULL
"37062784","-1","2020-04-15","891","1.1502788217464825","10.025183109851772","0.0087133718393215993","102232","85193","1024.8984301761159","46","1751.2323898786638",NULL,NULL
"37062784","-1","2020-04-21","645","1.3369419083462091","12.007739185229154","0.0089883362789504768","71814","59845","862.32753088330492","33","1296.9264880836915",NULL,NULL
"37062784","-1","2020-04-20","411","1.5857768851586069","12.445908750810352","0.0078512524533749344","52367","43639","651.75429980018748","22","883.98698978310927",NULL,NULL
"37062784","-1","2020-04-13","437","1.4119989695277433","12.770217961151612","0.0090498171220475699","48319","40266","617.04354968362384","22","891.98650236613969",NULL,NULL
"37062784","-1","2020-02-18","950","0.67675273436100536","5.9580915136561003","0.0088004311710098114","107906","89922","642.91509764295506","49","1902.9467175286341",NULL,NULL
"37062784","-1","2020-02-19","677","0.82687884214941421","6.9963711145966574","0.0084654918655533515","80012","66677","559.79697613515339","34","1330.6534790711912",NULL,NULL
"37062784","-1","2020-02-20","486","1.1992342023316016","9.9915239884205693","0.0083273042962656221","58332","48610","582.82782233315834","26","1020.1494538708437",NULL,NULL
"37062784","-1","2020-02-17","847","0.834153009311455","7.1722060730371","0.00859724705932972","98509","82091","706.527598886802","40","1665.71761286175",NULL,NULL
"37062784","-1","2020-02-22","400","1.0751797954808071","8.9660647024639104","0.0083474690278322623","47967","39972","430.07191819232287","20","812.64698484187102",NULL,NULL
"37062784","-1","2020-02-23","392","1.8362589141980781","14.569521184251428","0.0079295861723224208","49405","41171","719.81349436564665","20","800.81385725633049",NULL,NULL
"37062784","-1","2020-02-24","515","1.0973661944998414","9.7790305639078117","0.0089138626134935145","57791","48159","565.14359016741832","26","1080.762812665911",NULL,NULL
"37062784","-1","2020-02-25","506","1.1362150706073788","9.4768906223870335","0.0083472887051550346","60666","50555","574.92482572733365","25","1024.9800715889571",NULL,NULL
"37062784","-1","2020-02-26","389","1.6623521214392185","11.874444231689454","0.0071420584977237769","54458","45382","646.65497523985596","20","798.88261468540293",NULL,NULL
"37062784","-1","2020-02-27","615","1.1979578030127471","9.8029938379616883","0.0081880901498260755","75155","62629","736.74404885283946","30","1216.9690723611495",NULL,NULL
"37062784","-1","2020-02-28","435","1.2085024970191518","11.071432806040779","0.0091515426451269626","47482","39568","525.69858620333105","23","912.84888834635728",NULL,NULL
"37062784","-1","2020-02-29","226","1.6478631985818424","12.624163533183742","0.007644531084184082","29500","24583","372.41708287949638","12","472.58888944986336",NULL,NULL
"37062784","-1","2020-03-01","864","0.68249972790075697","6.1564066139361291","0.0090217519307944152","95783","79819","589.67976490625404","42","1669.3053495494128",NULL,NULL
"37062784","-1","2020-03-02","531","1.2906878525178886","11.388196921208289","0.0088156299972547772","60181","50151","685.35524968699883","26","1048.4112122442693",NULL,NULL
"37062784","-1","2020-03-06","441","1.5823284829529527","12.251596967772484","0.0077396115002351419","56956","47463","697.80686098225215","22","895.33396762291363",NULL,NULL
"37062784","-1","2020-03-04","454","1.4216240911632607","12.611338826921916","0.0088794772425086436","51178","42648","645.41733738812036","22","916.45368458596249",NULL,NULL
"37062784","-1","2020-03-03","418","1.4220483019157404","12.119939978451317","0.008515281815069782","49044","40870","594.41619020077951","21","837.35837180071303",NULL,NULL
"37062784","-1","2020-03-07","512","1.2871478378437211","10.861593148544456","0.0084434502432053308","60674","50562","659.01969297598521","24","931.71690714508918",NULL,NULL
"37062784","-1","2020-03-05","286","1.5001262150147912","13.3954640448117","0.0089314294782338946","32028","26690","429.03609749423026","15","588.5883777444642",NULL,NULL
"37062784","-1","2020-03-08","669","1.1321666993490109","10.630648431845728","0.0093929360609007924","71249","59374","757.41952186448827","34","1431.937655654594",NULL,NULL
"37062784","-1","2020-03-09","357","1.5284716803368039","13.835740179340043","0.0090513944928305775","39439","32866","545.66438988023901","19","766.05452371689262",NULL,NULL
"37062784","-1","2020-03-10","452","1.1158121042135802","8.8842304765522471","0.007954453763041042","56769","47308","504.34707110453826","24","983.89562762321123",NULL,NULL
"37062784","-1","2020-03-11","378","2.1232067810731152","15.789338500871164","0.0074312067403372274","50830","42358","802.57216324563751","20","786.50903868704052",NULL,NULL
"37062784","-1","2020-03-13","652","1.125125546398738","8.2702219420622018","0.0073473485000716396","88702","73918","733.58185625197711","32","1240.1255473163444",NULL,NULL
"37062784","-1","2020-03-12","609","1.1401779998077948","9.9011481163972004","0.0086894515047104565","70130","58442","694.36840188294707","31","1297.4720801602348",NULL,NULL
"37062784","-1","2020-03-14","646","1.2095939942713376","10.90274331439023","0.0090171168328832627","71670","59725","781.39772029928417","33","1332.6704164319597",NULL,NULL
"37062784","-1","2020-03-15","512","0.82098789290399099","7.6883814855684758","0.009360740695593131","54673","45561","420.34580116684339","26","1037.170491380358",NULL,NULL
"37062784","-1","2020-03-18","739","0.91325692825545945","7.5048810714846432","0.0082160446297768978","89928","74940","674.89686998078457","35","1421.5201493950603",NULL,NULL
"37062784","-1","2020-03-19","652","1.1434553658591342","7.9688007348979744","0.0069673381433278036","93556","77963","745.53289854015554","33","1352.1877519345803",NULL,NULL
"37062784","-1","2020-03-20","672","1.1856340249475086","9.8869949539270028","0.0083400923778205755","80585","67154","796.7460647647257","33","1289.4629573988359",NULL,NULL
"37062784","-1","2020-03-21","715","1.1089404358220223","9.1868028849615762","0.0082835430099129706","86308","71923","792.89241161274595","34","1376.6724763861951",NULL,NULL
"37062784","-1","2020-04-22","657","1.1135260589083067","9.7069342773568472","0.0087146050578892058","75367","62806","731.5866207027575","32","1255.2210213652677",NULL,NULL
"37062784","-1","2020-04-23","576","1.4391372410565892","12.160617216609117","0.008456335746093219","68166","56805","828.94305084859536","28","1112.8137697810646",NULL,NULL
"37062784","-1","2020-04-24","594","1.230532690991748","10.627408347130693","0.0086355124819414188","68778","57315","730.93641844909837","30","1219.1589009695863",NULL,NULL
"37062784","-1","2020-04-25","647","1.2365629724375282","10.225984542326783","0.0082703532185869275","78238","65198","800.05624316708077","35","1351.0748442492174",NULL,NULL
"37062784","-1","2020-04-26","490","1.5633115155217288","12.994754047236686","0.0083099794168102464","58949","49124","766.02264260564709","25","1025.7655500312085",NULL,NULL
"37062784","-1","2020-04-27","440","1.4975501834413121","10.833944368155324","0.0072290930396153533","60820","50683","658.92208071417735","21","845.01322551890883",NULL,NULL
"37062784","-1","2020-04-28","772","1.2195754552412796","10.357281531742741","0.0084871986357943976","90903","75752","941.5122514462679","40","1581.0361924239824",NULL,NULL
"37062784","-1","2020-04-29","625","1.2791248970899365","9.4734594529458835","0.0074041459342779527","84389","70324","799.45306068121033","32","1316.394012156172",NULL,NULL
"37062784","-1","2020-04-30","590","1.0981098041465085","9.2934952338686756","0.0084584011726795694","69714","58095","647.88478444643999","31","1224.1942654703905",NULL,NULL
